{"cameraMode":{"drawMode":0,"name":"Shaded","section":"Shading Mode"},"sceneLighting":true,"audioPlay":false,"sceneViewState":{"m_AlwaysRefresh":false,"showFog":true,"showSkybox":true,"showFlares":true,"showImageEffects":true,"showParticleSystems":true,"showVisualEffectGraphs":true,"m_FxEnabled":true},"in2DMode":false,"pivot":{"x":-114.92522430419922,"y":44.90421676635742,"z":-19.04895782470703},"rotation":{"x":-0.00523311085999012,"y":-0.7619151473045349,"z":0.0005162113229744136,"w":0.6487205028533936},"size":81.89387512207031,"orthographic":false}